<?xml version="1.0" encoding="UTF-8" standalone="yes"?>
<addon id="script.module.sniffio" name="sniffio" version="1.3.1" provider-name="python-trio">
  <requires>
    <import addon="xbmc.python" version="3.0.1"/>
  </requires>
  <extension point="xbmc.python.module" library="resources/modules">
    <summary lang="en_GB">Sniff out which async library your code is running under</summary>
    <description lang="en_GB">Sniff out which async library your code is running under</description>
    <license>MIT</license>
    <platform>all</platform>
    <website>https://sniffio.readthedocs.io/</website>
    <source>https://github.com/python-trio/sniffio</source>
  </extension>
</addon>
