﻿<?xml version="1.0" encoding="UTF-8" standalone="yes"?>
<addon id="plugin.program.catbackup"
    name="CatBackup" version="0.0.1~alpha" provider-name="florence-wolfe">
    <requires>
        <import addon="xbmc.python" version="3.0.0" />
        <import addon="script.module.dateutil" version="2.8.0" />
        <import addon="script.module.future" version="0.18.2+matrix.1" />
        <import addon="script.module.dropbox" version="9.4.0+matrix.1" />
        <import addon="script.module.pyqrcode" version="1.2.1+matrix.1" />
    </requires>
    <extension point="xbmc.python.script" library="__main__.py">
        <provides>executable</provides>
    </extension>
    <extension point="xbmc.service" library="service.py" />
    <extension point="xbmc.addon.metadata">
        <platform>all</platform>
        <license>MIT</license>
        <source>https://github.com/francis-robert/xbmcbackup</source>
        <assets>
            <icon>resources/images/icon.png</icon>
            <screenshot>resources/images/screenshot1.jpg</screenshot>
            <screenshot>resources/images/screenshot2.jpg</screenshot>
            <screenshot>resources/images/screenshot3.jpg</screenshot>
            <screenshot>resources/images/screenshot4.jpg</screenshot>
        </assets>
        <summary lang="en_GB">
            Backup and restore your Kodi database and configuration files in the event of a crash or file corruption.
        </summary>
        <description lang="en_GB">
            Ever hosed your Kodi configuration and wished you&apos;d had a
            backup? Now you can with one easy click. You can export your database, playlist,
            thumbnails, addons and other configuration details to any source writeable by Kodi or
            directly to Dropbox cloud storage. Backups can be run on demand or via a scheduler.
        </description>
    </extension>
</addon>
