<?xml version="1.0" encoding="UTF-8" standalone="yes"?>
<addon id="script.module.httpcore" name="httpcore" version="1.0.5" provider-name="encode">
  <requires>
    <import addon="xbmc.python" version="3.0.1"/>
    <import addon="script.module.anyio" version="4.3.0"/>
    <import addon="script.module.certifi" version="2024.2.2"/>
    <import addon="script.module.h11" version="0.14.0"/>
  </requires>
  <extension point="xbmc.python.module" library="resources/modules">
    <summary lang="en_GB">A minimal HTTP client. ⚙️</summary>
    <description lang="en_GB">A minimal HTTP client. ⚙️</description>
    <license>MIT</license>
    <platform>all</platform>
    <website>https://www.encode.io/httpcore/</website>
    <source>https://github.com/encode/httpcore</source>
  </extension>
</addon>
