<?xml version="1.0" encoding="UTF-8" standalone="yes"?>
<addon id="repository.simbojimbo" name="SimboJimbo Repository" version="0.1" provider-name="florence-wolfe">
  <extension point="xbmc.addon.repository" name="SimboJimbo Repository">
    <dir>
      <info compressed="false">https://raw.githubusercontent.com/florence-wolfe/repository.simbojimbo/main/repo/zips/addons.xml</info>
      <checksum>https://raw.githubusercontent.com/florence-wolfe/repository.simbojimbo/main/repo/zips/addons.xml.md5</checksum>
      <datadir zip="true">https://raw.githubusercontent.com/florence-wolfe/repository.simbojimbo/main/repo/zips/</datadir>
    </dir>
  </extension>
  <extension point="xbmc.addon.metadata">
    <summary>SimboJimbo Repository</summary>
    <description>A repository for the SimboJimbo addons</description>
    <disclaimer/>
    <platform>all</platform>
    <assets>
      <icon>icon.png</icon>
    </assets>
    <source>https://www.github.com/florence-wolfe/repository.simbojimbo/</source>
  </extension>
</addon>
