{
	"addons":{
		"root":"special://home/addons/",
		"dirs":[
			{
				"type":"include",
				"path":"special://home/addons/",
				"recurse":true
			},
			{
				"type":"exclude",
				"path":"special://home/addons/packages/"
			},
			{
				"type":"exclude",
				"path":"special://home/addons/temp/"
			}
		]
	},
	"addon_data":{
			"root":"special://home/userdata/addon_data/",
			"dirs":[
			{
				"type":"include",
				"path":"special://home/userdata/addon_data/",
				"recurse":true
			}
		]
	},
	"database":{
			"root":"special://home/userdata/Database/",
			"dirs":[
			{
				"type":"include",
				"path":"special://home/userdata/Database/",
				"recurse":true
			}
		]
	},
	"game_saves":{
			"root":"special://home/userdata/Savestates/",
			"dirs":[
			{
				"type":"include",
				"path":"special://home/userdata/Savestates/",
				"recurse":true
			}
		]
	},
	"playlists":{
			"root":"special://home/userdata/playlists/",
			"dirs":[
			{
				"type":"include",
				"path":"special://home/userdata/playlists/",
				"recurse":true
			}
		]
	},
	"profiles":{
			"root":"special://home/userdata/profiles/",
			"dirs":[
			{
				"type":"include",
				"path":"special://home/userdata/profiles/",
				"recurse":true
			}
		]
	},
	"thumbnails":{
			"root":"special://home/userdata/Thumbnails/",
			"dirs":[
			{
				"type":"include",
				"path":"special://home/userdata/Thumbnails/",
				"recurse":true
			}
		]
	},
	"config":{
			"root":"special://home/userdata/",
			"dirs":[
			{
				"type":"include",
				"path":"special://home/userdata/",
				"recurse":false
			},
			{
				"type":"include",
				"path":"special://home/userdata/keymaps/",
				"recurse":true
			},
			{
				"type":"include",
				"path":"special://home/userdata/peripheral_data/",
				"recurse":true
			},
			{
				"type":"include",
				"path":"special://home/userdata/library/",
				"recurse":true
			}
		]
	}
}