<?xml version="1.0" encoding="UTF-8" standalone="yes"?>
<addon id="script.module.anyio" name="anyio" version="4.3.0" provider-name="Alex Grönholm">
  <requires>
    <import addon="xbmc.python" version="3.0.1"/>
    <import addon="script.module.idna" version="3.4.0"/>
    <import addon="script.module.sniffio" version="1.3.1"/>
  </requires>
  <extension point="xbmc.python.module" library="resources/modules">
    <summary lang="en_GB">High level asynchronous concurrency and networking framework that works on top of either trio or asyncio</summary>
    <description lang="en_GB">High level asynchronous concurrency and networking framework that works on top of either trio or asyncio</description>
    <license>MIT</license>
    <platform>all</platform>
    <website>https://anyio.readthedocs.io/</website>
    <source>https://github.com/agronholm/anyio</source>
  </extension>
</addon>
